,sum_sq,df,F,PR(>F)
Epsilon,0.4110218941632636,1.0,235.16348787128325,5.2672255062264086e-45
Residual,1.0451924103293,598.0,,
