,sum_sq,df,F,PR(>F)
Epsilon,0.41552937647401467,1.0,229.76897333975302,3.704015794042653e-44
Residual,1.0814626688697022,598.0,,
